generation,2015,age
Generation Z,0.6488636363636363,5-14
Millenials,7.973750000000001,15-24
Generation X,12.228750000000002,25-54
Silent,17.107642045454547,>= 55
